<?xml version="1.0" encoding="UTF-8"?>
<project-private xmlns="http://www.netbeans.org/ns/project-private/1">
    <editor-bookmarks xmlns="http://www.netbeans.org/ns/editor-bookmarks/2" lastBookmarkId="0"/>
    <open-files xmlns="http://www.netbeans.org/ns/projectui-open-files/2">
        <group>
            <file>file:/C:/Users/user/Documents/NetBeansProjects/SMS-22RP01832/src/sms/pkg22RP03920/SMSJFrame.java</file>
            <file>file:/C:/Users/user/Documents/NetBeansProjects/SMS-22RP01832/src/sms/pkg22RP03920/SMS22RP03920.java</file>
        </group>
    </open-files>
</project-private>
